{
    "model_name": "Decision Tree",
    "train_accuracy": 0.7638436482084691,
    "test_accuracy": 0.6948051948051948,
    "precision": 0.6521739130434783,
    "recall": 0.2777777777777778,
    "f1_score": 0.3896103896103896,
    "roc_auc": 0.7937037037037037,
    "timestamp": "2025-11-15 13:09:24"
}