{
    "model_name": "Gradient Boosting",
    "train_accuracy": 0.8289902280130294,
    "test_accuracy": 0.7402597402597403,
    "precision": 0.6521739130434783,
    "recall": 0.5555555555555556,
    "f1_score": 0.6,
    "roc_auc": 0.8196296296296297,
    "timestamp": "2025-12-01 14:43:23"
}