{
    "model_name": "KNN",
    "train_accuracy": 0.8013029315960912,
    "test_accuracy": 0.7337662337662337,
    "precision": 0.6382978723404256,
    "recall": 0.5555555555555556,
    "f1_score": 0.594059405940594,
    "roc_auc": 0.7627777777777778,
    "timestamp": "2025-12-01 14:38:46"
}