{
    "model_name": "Logistic Regression (Baseline)",
    "train_accuracy": 0.7915309446254072,
    "test_accuracy": 0.7142857142857143,
    "precision": 0.6086956521739131,
    "recall": 0.5185185185185185,
    "f1_score": 0.56,
    "roc_auc": 0.8229629629629629,
    "timestamp": "2025-12-01 17:46:19"
}