{
    "model_name": "Random Forest",
    "train_accuracy": 0.8517915309446255,
    "test_accuracy": 0.7337662337662337,
    "precision": 0.6511627906976745,
    "recall": 0.5185185185185185,
    "f1_score": 0.5773195876288659,
    "roc_auc": 0.8166666666666667,
    "timestamp": "2025-12-01 14:32:29"
}